{
	"credit": "Made with Blockbench",
	"textures": {
		"0": "block/cmodels/book1",
		"2": "block/cmodels/front",
		"3": "block/cmodels/side",
		"5": "block/cmodels/book2",
		"6": "block/cmodels/book4",
		"7": "block/cmodels/book6",
		"8": "block/cmodels/book5",
		"9": "block/cmodels/book7",
		"10": "block/cmodels/book8",
		"11": "block/cmodels/book9",
		"12": "block/cmodels/book10",
		"13": "block/cmodels/book11",
		"14": "block/cmodels/book12",
		"15": "block/cmodels/book13",
		"16": "block/cmodels/book14",
		"17": "block/cmodels/book15",
		"18": "block/cmodels/book16",
		"19": "block/cmodels/book17",
		"20": "block/cmodels/bookshelf_top",
		"21": "block/cmodels/bookshelf_side",
		"22": "block/cmodels/bookshelf_side_2",
		"23": "block/cmodels/book5_inv",
		"24": "block/cmodels/book10_inv",
		"25": "block/cmodels/book3",
		"particle": "block/cmodels/bookshelf_top"
	},
	"elements": [
		{
			"from": [0, 0, 0],
			"to": [16, 0.5, 16],
			"faces": {
				"north": {"uv": [0.039, 7.726, 16, 8.226], "texture": "#22"},
				"east": {"uv": [0.039, 7.726, 16, 8.226], "texture": "#22"},
				"south": {"uv": [0.039, 8.039, 16, 8.539], "texture": "#22"},
				"west": {"uv": [0.039, 7.907, 16, 8.407], "texture": "#22"},
				"up": {"uv": [0, 0, 16, 16], "texture": "#20"},
				"down": {"uv": [0, 0, 16, 16], "texture": "#20"}
			}
		},
		{
			"from": [0, 8, 0],
			"to": [16, 8.5, 16],
			"faces": {
				"north": {"uv": [0.039, 7.907, 16, 8.407], "texture": "#22"},
				"east": {"uv": [0.039, 7.813, 16, 8.313], "texture": "#22"},
				"south": {"uv": [0, 7.766, 16, 8.266], "texture": "#22"},
				"west": {"uv": [0.039, 7.766, 16, 8.266], "texture": "#22"},
				"up": {"uv": [0, 0, 16, 16], "texture": "#20"},
				"down": {"uv": [0, 0, 16, 16], "texture": "#21"}
			}
		},
		{
			"from": [0, 0.5, 8],
			"to": [16, 8, 8.5],
			"faces": {
				"north": {"uv": [0, 0, 16, 7.5], "texture": "#20"},
				"east": {"uv": [7.633, 2.907, 8.133, 10.407], "texture": "#21"},
				"south": {"uv": [0, 0, 16, 7.5], "texture": "#20"},
				"west": {"uv": [7.586, 1.039, 8.086, 8.539], "texture": "#21"},
				"up": {"uv": [0, 0, 16, 0.5], "texture": "#missing"},
				"down": {"uv": [0, 0, 16, 0.5], "texture": "#missing"}
			}
		},
		{
			"from": [8, 0.5, 0],
			"to": [8.5, 8, 16],
			"faces": {
				"north": {"uv": [7.68, 1.586, 8.18, 9.086], "texture": "#21"},
				"east": {"uv": [0, 0, 16, 7.5], "texture": "#20"},
				"south": {"uv": [7.68, 1.586, 8.18, 9.086], "texture": "#21"},
				"west": {"uv": [0, 0, 16, 7.5], "texture": "#20"},
				"up": {"uv": [0, 0, 16, 0.5], "rotation": 270, "texture": "#missing"},
				"down": {"uv": [0, 0, 16, 0.5], "rotation": 90, "texture": "#missing"}
			}
		},
		{
			"from": [8, 8.5, 0],
			"to": [8.5, 15.5, 16],
			"faces": {
				"north": {"uv": [7.68, 8.133, 8.18, 15.133], "texture": "#21"},
				"east": {"uv": [0, 0, 16, 7], "texture": "#20"},
				"south": {"uv": [7.726, 6.359, 8.226, 13.359], "texture": "#21"},
				"west": {"uv": [0, 0, 16, 7], "texture": "#20"},
				"up": {"uv": [0, 0, 16, 0.5], "rotation": 270, "texture": "#missing"},
				"down": {"uv": [0, 0, 16, 0.5], "rotation": 90, "texture": "#missing"}
			}
		},
		{
			"from": [0, 15.5, 0],
			"to": [16, 16, 16],
			"faces": {
				"north": {"uv": [0.039, 7.266, 16, 7.766], "texture": "#22"},
				"east": {"uv": [0.039, 7.586, 16, 8.086], "texture": "#22"},
				"south": {"uv": [0.039, 7.766, 16, 8.266], "texture": "#22"},
				"west": {"uv": [0.039, 8.039, 16, 8.539], "texture": "#22"},
				"up": {"uv": [0, 0, 16, 16], "texture": "#20"},
				"down": {"uv": [0, 0, 16, 16], "texture": "#21"}
			}
		},
		{
			"from": [0, 8.5, 0],
			"to": [0.8, 15.5, 0.8],
			"faces": {
				"north": {"uv": [6.766, 0, 9.159, 16], "texture": "#21"},
				"east": {"uv": [6.907, 0, 9.026, 16], "texture": "#21"},
				"south": {"uv": [6.813, 0, 9.066, 15.726], "texture": "#21"},
				"west": {"uv": [6.907, 0, 9.113, 16], "texture": "#21"},
				"up": {"uv": [0, 0, 0.8, 0.8], "texture": "#missing"},
				"down": {"uv": [0, 0, 0.8, 0.8], "texture": "#missing"}
			}
		},
		{
			"from": [0, 0.5, 15.2],
			"to": [0.8, 8, 16],
			"rotation": {"angle": 0, "axis": "y", "origin": [8, 8, 23]},
			"faces": {
				"north": {"uv": [6.859, 0.086, 9.206, 16], "texture": "#21"},
				"east": {"uv": [6.859, 0, 9.026, 16], "texture": "#21"},
				"south": {"uv": [6.859, 0, 9.066, 16], "texture": "#21"},
				"west": {"uv": [6.907, 0, 8.98, 16], "texture": "#21"},
				"up": {"uv": [0, 0, 0.8, 0.8], "texture": "#missing"},
				"down": {"uv": [0, 0, 0.8, 0.8], "texture": "#missing"}
			}
		},
		{
			"from": [15.2, 8.5, 15.2],
			"to": [16, 15.5, 16],
			"rotation": {"angle": 0, "axis": "y", "origin": [23, 8, 23]},
			"faces": {
				"north": {"uv": [6.813, 0, 8.886, 16], "texture": "#21"},
				"east": {"uv": [6.907, 0, 9.074, 16], "texture": "#21"},
				"south": {"uv": [6.859, 0, 9.386, 16], "texture": "#21"},
				"west": {"uv": [6.859, 0, 9.026, 16], "texture": "#21"},
				"up": {"uv": [0, 0, 0.8, 0.8], "texture": "#missing"},
				"down": {"uv": [0, 0, 0.8, 0.8], "texture": "#missing"}
			}
		},
		{
			"from": [15.2, 0.5, 0],
			"to": [16, 8, 0.8],
			"rotation": {"angle": 0, "axis": "y", "origin": [23, 8, 8]},
			"faces": {
				"north": {"uv": [6.859, 0, 9.253, 16], "texture": "#21"},
				"east": {"uv": [6.813, 0, 9.019, 16], "texture": "#21"},
				"south": {"uv": [6.766, 0, 9.198, 16], "texture": "#21"},
				"west": {"uv": [6.774, 0, 9.026, 16], "texture": "#21"},
				"up": {"uv": [0, 0, 0.8, 0.8], "texture": "#missing"},
				"down": {"uv": [0, 0, 0.8, 0.8], "texture": "#missing"}
			}
		},
		{
			"from": [15.2, 8.5, 0],
			"to": [16, 15.5, 0.8],
			"rotation": {"angle": 0, "axis": "y", "origin": [23, 8, 8]},
			"faces": {
				"north": {"uv": [6.907, 0, 8.98, 16], "texture": "#21"},
				"east": {"uv": [6.68, 0, 9.112, 16], "texture": "#21"},
				"south": {"uv": [6.859, 0, 9.112, 16], "texture": "#21"},
				"west": {"uv": [6.813, 0, 9.159, 16], "texture": "#21"},
				"up": {"uv": [0, 0, 0.8, 0.8], "texture": "#missing"},
				"down": {"uv": [0, 0, 0.8, 0.8], "texture": "#missing"}
			}
		},
		{
			"from": [15.2, 0.5, 15.2],
			"to": [16, 8, 16],
			"rotation": {"angle": 0, "axis": "y", "origin": [23, 8, 23]},
			"faces": {
				"north": {"uv": [6.859, 0, 9.066, 16], "texture": "#21"},
				"east": {"uv": [6.813, 0, 8.886, 16], "texture": "#21"},
				"south": {"uv": [6.907, 0, 9.073, 16], "texture": "#21"},
				"west": {"uv": [6.859, 0, 9.026, 16], "texture": "#21"},
				"up": {"uv": [0, 0, 0.8, 0.8], "texture": "#missing"},
				"down": {"uv": [0, 0, 0.8, 0.8], "texture": "#missing"}
			}
		},
		{
			"from": [0, 8.5, 15.2],
			"to": [0.8, 15.5, 16],
			"rotation": {"angle": 0, "axis": "y", "origin": [8, 8, 23]},
			"faces": {
				"north": {"uv": [6.953, 0, 9.026, 16], "texture": "#21"},
				"east": {"uv": [6.859, 0, 9.206, 16], "texture": "#21"},
				"south": {"uv": [6.68, 0, 8.98, 16], "texture": "#21"},
				"west": {"uv": [6.859, 0, 9.206, 16], "texture": "#21"},
				"up": {"uv": [0, 0, 0.8, 0.8], "texture": "#missing"},
				"down": {"uv": [0, 0, 0.8, 0.8], "texture": "#missing"}
			}
		},
		{
			"from": [0, 0.5, 0],
			"to": [0.8, 8, 0.8],
			"faces": {
				"north": {"uv": [6.726, 0, 8.893, 16], "texture": "#21"},
				"east": {"uv": [6.953, 0, 9.026, 16], "texture": "#21"},
				"south": {"uv": [6.907, 0, 9.113, 16], "texture": "#21"},
				"west": {"uv": [6.773, 0, 9.065, 16], "texture": "#21"},
				"up": {"uv": [0, 0, 0.8, 0.8], "texture": "#missing"},
				"down": {"uv": [0, 0, 0.8, 0.8], "texture": "#missing"}
			}
		},
		{
			"name": "fino1",
			"from": [4.6, 0.5, -0.4],
			"to": [5.5, 7.3, 5.1],
			"rotation": {"angle": 0, "axis": "y", "origin": [8, 8, 7]},
			"faces": {
				"north": {"uv": [6.453, 3.5, 8.566, 13.488], "texture": "#19"},
				"east": {"uv": [0, 3.453, 6.188, 13.441], "texture": "#19"},
				"south": {"uv": [6.226, 0, 9.753, 15.995], "texture": "#2"},
				"west": {"uv": [9.672, 3.532, 16, 13.472], "texture": "#19"},
				"up": {"uv": [6.266, 0.039, 9.659, 15.906], "texture": "#2"},
				"down": {"uv": [0, 0, 0.8, 5.5], "texture": "#missing"}
			}
		},
		{
			"from": [6.1, 8.5, 11.4],
			"to": [7, 15, 16.1],
			"rotation": {"angle": 0, "axis": "y", "origin": [8, 16, 18.6]},
			"faces": {
				"north": {"uv": [6.226, 0, 9.72, 16], "texture": "#2"},
				"east": {"uv": [9.766, 4.586, 14.466, 11.905], "texture": "#0"},
				"south": {"uv": [7.859, 3.313, 9.532, 12.719], "texture": "#0"},
				"west": {"uv": [1.407, 3.359, 6.607, 12.679], "texture": "#0"},
				"up": {"uv": [6.226, 0, 9.759, 15.997], "texture": "#2"},
				"down": {"uv": [6.226, 0, 9.806, 15.997], "texture": "#2"}
			}
		},
		{
			"from": [3.2, 8.5, 11.4],
			"to": [4.2, 13.9, 16.1],
			"rotation": {"angle": 22.5, "axis": "z", "origin": [3.60446, 11.18226, 13.76324]},
			"faces": {
				"north": {"uv": [6.313, 0, 9.766, 15.994], "texture": "#2"},
				"east": {"uv": [9.125, 3.172, 15.997, 13.353], "texture": "#5"},
				"south": {"uv": [7.078, 3.172, 9.312, 13.337], "texture": "#5"},
				"west": {"uv": [0, 3.172, 6.934, 13.384], "texture": "#5"},
				"up": {"uv": [6.226, 0, 9.726, 15.997], "texture": "#2"},
				"down": {"uv": [6.359, 0, 9.633, 15.997], "texture": "#2"}
			}
		},
		{
			"from": [1.2, 0.5, 11.7],
			"to": [7.4, 1.5, 16.4],
			"rotation": {"angle": 0, "axis": "y", "origin": [4.3, 3.6, 14.05]},
			"faces": {
				"north": {"uv": [5.484, 3.766, 6.812, 13.419], "rotation": 90, "texture": "#25"},
				"east": {"uv": [6.266, 0, 9.812, 15.997], "rotation": 270, "texture": "#2"},
				"south": {"uv": [6.226, 0, 9.82, 15.997], "rotation": 270, "texture": "#2"},
				"west": {"uv": [6.226, 0, 9.773, 15.997], "rotation": 270, "texture": "#2"},
				"up": {"uv": [11.032, 4.078, 15.732, 13.091], "rotation": 270, "texture": "#25"},
				"down": {"uv": [0, 0, 4.7, 6.2], "rotation": 270, "texture": "#missing"}
			}
		},
		{
			"from": [1.05, 1.45, 11.8],
			"to": [7.05, 2.35, 16.5],
			"rotation": {"angle": 0, "axis": "y", "origin": [6.45, 2.9, 13.85]},
			"faces": {
				"north": {"uv": [6.266, 0, 9.798, 16], "rotation": 90, "texture": "#2"},
				"east": {"uv": [6.313, 0, 9.759, 15.997], "rotation": 270, "texture": "#2"},
				"south": {"uv": [8.359, 3.641, 9.446, 13.499], "rotation": 270, "texture": "#7"},
				"west": {"uv": [6.226, 0, 9.806, 15.997], "rotation": 270, "texture": "#2"},
				"up": {"uv": [0, 0, 4.7, 6], "rotation": 270, "texture": "#missing"},
				"down": {"uv": [0, 3.625, 8.013, 13.438], "rotation": 270, "texture": "#7"}
			}
		},
		{
			"from": [0.95, 2.35, 11.7],
			"to": [7.15, 3.25, 16.7],
			"rotation": {"angle": 0, "axis": "y", "origin": [6.45, 2.9, 13.85]},
			"faces": {
				"north": {"uv": [6.313, 0, 9.392, 15.997], "rotation": 90, "texture": "#2"},
				"east": {"uv": [6.313, 0, 9.213, 15.867], "rotation": 270, "texture": "#2"},
				"south": {"uv": [6.859, 3.625, 8.571, 13.653], "rotation": 270, "texture": "#12"},
				"west": {"uv": [6.578, 0, 9.579, 15.094], "rotation": 270, "texture": "#2"},
				"up": {"uv": [0, 3.532, 6.141, 13.684], "rotation": 270, "texture": "#12"},
				"down": {"uv": [0, 3.625, 5.953, 13.637], "rotation": 270, "texture": "#12"}
			}
		},
		{
			"from": [0.95, 3.25, 11.7],
			"to": [6.65, 3.75, 15.8],
			"rotation": {"angle": 0, "axis": "y", "origin": [6.45, 2.9, 13.85]},
			"faces": {
				"north": {"uv": [6.313, 0, 9.813, 15.997], "rotation": 90, "texture": "#2"},
				"east": {"uv": [6.359, 0, 9.679, 15.999], "rotation": 270, "texture": "#2"},
				"south": {"uv": [8.672, 3.5, 9.405, 13.559], "rotation": 270, "texture": "#19"},
				"west": {"uv": [6.266, 0, 9.773, 15.999], "rotation": 270, "texture": "#2"},
				"up": {"uv": [0, 0, 4.1, 5.7], "rotation": 270, "texture": "#missing"},
				"down": {"uv": [0, 0, 4.1, 5.7], "rotation": 270, "texture": "#missing"}
			}
		},
		{
			"from": [0.85, 3.75, 11.7],
			"to": [6.85, 4.85, 16.1],
			"rotation": {"angle": 0, "axis": "y", "origin": [6.45, 2.9, 13.85]},
			"faces": {
				"north": {"uv": [6.313, 0, 9.686, 16], "rotation": 90, "texture": "#2"},
				"east": {"uv": [6.266, 0, 9.686, 15.994], "rotation": 270, "texture": "#2"},
				"south": {"uv": [7.359, 3.453, 9.506, 13.5], "rotation": 270, "texture": "#18"},
				"west": {"uv": [6.226, 0, 9.779, 15.994], "rotation": 270, "texture": "#2"},
				"up": {"uv": [0, 3.453, 6.634, 13.547], "rotation": 270, "texture": "#18"},
				"down": {"uv": [10.078, 3.532, 15.993, 13.626], "rotation": 270, "texture": "#18"}
			}
		},
		{
			"from": [1.05, 4.85, 11.8],
			"to": [7.05, 5.95, 16.4],
			"rotation": {"angle": -22.5, "axis": "y", "origin": [6.45, 2.9, 13.85]},
			"faces": {
				"north": {"uv": [6.891, 3.578, 8.724, 13.625], "rotation": 90, "texture": "#17"},
				"east": {"uv": [6.266, 0, 9.818, 15.999], "rotation": 270, "texture": "#2"},
				"south": {"uv": [6.226, 0, 9.779, 16], "rotation": 270, "texture": "#2"},
				"west": {"uv": [6.266, 0, 9.772, 15.999], "rotation": 270, "texture": "#2"},
				"up": {"uv": [0, 3.5, 6.834, 13.594], "rotation": 270, "texture": "#17"},
				"down": {"uv": [9.141, 3.625, 15.74, 13.578], "rotation": 270, "texture": "#17"}
			}
		},
		{
			"from": [0.95, 5.95, 11.1],
			"to": [7.15, 6.75, 15.7],
			"rotation": {"angle": 0, "axis": "y", "origin": [6.45, 2.9, 13.85]},
			"faces": {
				"north": {"uv": [6.226, 0, 9.846, 15.997], "rotation": 90, "texture": "#2"},
				"east": {"uv": [6.18, 0, 9.8, 15.999], "rotation": 270, "texture": "#2"},
				"south": {"uv": [7.359, 3.532, 9.066, 13.607], "rotation": 270, "texture": "#16"},
				"west": {"uv": [6.18, 0, 9.886, 15.999], "rotation": 270, "texture": "#2"},
				"up": {"uv": [0, 3.5, 7.241, 13.513], "rotation": 270, "texture": "#16"},
				"down": {"uv": [10.031, 3.578, 15.677, 13.591], "rotation": 270, "texture": "#16"}
			}
		},
		{
			"from": [0.9, 8.5, 11.7],
			"to": [2.2, 14.7, 16],
			"rotation": {"angle": 0, "axis": "y", "origin": [8, 16, 18.6]},
			"faces": {
				"north": {"uv": [8.125, 3.625, 10.017, 13.512], "texture": "#8"},
				"east": {"uv": [10.172, 3.625, 16, 13.559], "texture": "#8"},
				"south": {"uv": [6.266, 0, 9.792, 15.997], "texture": "#2"},
				"west": {"uv": [0, 3.766, 8.066, 13.419], "texture": "#8"},
				"up": {"uv": [6.18, 0, 9.8, 15.995], "texture": "#2"},
				"down": {"uv": [0, 0, 1.3, 4.3], "texture": "#missing"}
			}
		},
		{
			"from": [7.1, 8.5, 11.1],
			"to": [8, 15.3, 16],
			"rotation": {"angle": 0, "axis": "y", "origin": [8, 16, 18.6]},
			"faces": {
				"north": {"uv": [6.226, 0, 9.806, 15.995], "texture": "#2"},
				"east": {"uv": [0, 0, 4.9, 6.8], "texture": "#missing"},
				"south": {"uv": [7.578, 3.359, 9.025, 13.612], "texture": "#13"},
				"west": {"uv": [0, 3.5, 7.166, 13.534], "texture": "#13"},
				"up": {"uv": [6.226, 0, 9.806, 15.994], "texture": "#2"},
				"down": {"uv": [0, 0, 0.9, 4.9], "texture": "#missing"}
			}
		},
		{
			"from": [0.4, 8.5, 9.3],
			"to": [5.9, 15.3, 10.1],
			"rotation": {"angle": 0, "axis": "y", "origin": [8, 8, 7]},
			"faces": {
				"north": {"uv": [9.313, 3.172, 16, 13.518], "texture": "#6"},
				"east": {"uv": [0, 3.532, 0.8, 10.332], "texture": "#6"},
				"south": {"uv": [0, 3.219, 5.5, 10.019], "texture": "#6"},
				"west": {"uv": [6.226, 0, 9.846, 15.995], "texture": "#2"},
				"up": {"uv": [6.226, 0, 9.768, 15.999], "rotation": 90, "texture": "#2"},
				"down": {"uv": [0, 0, 0.8, 5.5], "rotation": 270, "texture": "#missing"}
			}
		},
		{
			"from": [-0.1, 8.5, 10.1],
			"to": [5.5, 15.2, 11],
			"rotation": {"angle": 0, "axis": "y", "origin": [8, 8, 7]},
			"faces": {
				"north": {"uv": [9.563, 3.578, 16, 13.512], "texture": "#7"},
				"east": {"uv": [6.226, 0, 9.72, 15.997], "texture": "#2"},
				"south": {"uv": [0, 3.672, 8.1, 13.466], "texture": "#7"},
				"west": {"uv": [8.313, 3.672, 9.447, 13.466], "texture": "#7"},
				"up": {"uv": [6.18, 0, 9.861, 15.998], "rotation": 90, "texture": "#2"},
				"down": {"uv": [6.266, 0, 9.798, 15.999], "rotation": 270, "texture": "#2"}
			}
		},
		{
			"from": [7, 0.5, -0.15],
			"to": [8, 8, 5.4],
			"rotation": {"angle": 0, "axis": "y", "origin": [8, 8, 7]},
			"faces": {
				"north": {"uv": [6.266, 0, 9.812, 16], "texture": "#2"},
				"east": {"uv": [0, 3.719, 5.55, 11.219], "texture": "#6"},
				"south": {"uv": [2.813, 4, 3.813, 11.5], "texture": "#6"},
				"west": {"uv": [9.313, 3.266, 16, 13.359], "texture": "#6"},
				"up": {"uv": [6.266, 0, 9.586, 5.55], "texture": "#2"},
				"down": {"uv": [6.313, 0, 9.766, 5.55], "texture": "#2"}
			}
		},
		{
			"from": [5.5, 0.5, -0.2],
			"to": [7, 7, 5],
			"rotation": {"angle": 0, "axis": "y", "origin": [8, 8, 7]},
			"faces": {
				"north": {"uv": [7.125, 3.219, 9.266, 13.437], "texture": "#5"},
				"east": {"uv": [0, 3.219, 7.013, 13.297], "texture": "#5"},
				"south": {"uv": [6.266, 0, 9.812, 16], "texture": "#2"},
				"west": {"uv": [0, 0, 5.2, 6.5], "texture": "#missing"},
				"up": {"uv": [6.226, 0, 9.773, 15.997], "texture": "#2"},
				"down": {"uv": [6.266, 0, 9.859, 15.997], "texture": "#2"}
			}
		},
		{
			"from": [8.5, 0.5, 10.8],
			"to": [9.3, 7.3, 16.1],
			"rotation": {"angle": 0, "axis": "y", "origin": [12, 8, 18]},
			"faces": {
				"north": {"uv": [6.953, 3.547, 8.44, 13.518], "texture": "#12"},
				"east": {"uv": [0, 3.532, 6.034, 13.566], "texture": "#12"},
				"south": {"uv": [6.226, 0, 9.8, 15.995], "texture": "#2"},
				"west": {"uv": [0, 0, 5.3, 6.8], "texture": "#missing"},
				"up": {"uv": [6.313, 0, 9.839, 15.995], "texture": "#2"},
				"down": {"uv": [6.18, 0, 9.8, 15.995], "texture": "#2"}
			}
		},
		{
			"from": [11.2, 0.5, 10.7],
			"to": [12.2, 7.7, 16.2],
			"rotation": {"angle": 0, "axis": "y", "origin": [11.7, 4.1, 13.55]},
			"faces": {
				"north": {"uv": [6.266, 0, 9.718, 15.997], "texture": "#2"},
				"east": {"uv": [9.359, 3.625, 16, 13.466], "texture": "#11"},
				"south": {"uv": [7.625, 3.672, 9.125, 13.559], "texture": "#11"},
				"west": {"uv": [0, 3.532, 6.594, 13.544], "texture": "#11"},
				"up": {"uv": [6.313, 0.039, 9.719, 16], "texture": "#2"},
				"down": {"uv": [6.266, 0, 9.633, 16], "texture": "#2"}
			}
		},
		{
			"from": [9.1, 8.5, 11.4],
			"to": [10.3, 13.6, 15.7],
			"rotation": {"angle": 0, "axis": "y", "origin": [12, 8, 18]},
			"faces": {
				"north": {"uv": [6.313, 0, 9.833, 15.999], "texture": "#2"},
				"east": {"uv": [9.453, 3.532, 15.659, 13.584], "texture": "#17"},
				"south": {"uv": [7.032, 3.578, 8.637, 13.631], "texture": "#17"},
				"west": {"uv": [0, 3.5, 6.394, 13.647], "texture": "#17"},
				"up": {"uv": [6.226, 0, 9.7, 15.995], "texture": "#2"},
				"down": {"uv": [0, 0, 1.2, 4.3], "texture": "#missing"}
			}
		},
		{
			"from": [10.4, 8.5, 11.4],
			"to": [11.5, 15.1, 16.1],
			"rotation": {"angle": 0, "axis": "y", "origin": [12, 8, 18]},
			"faces": {
				"north": {"uv": [6.266, 0, 9.818, 15.999], "texture": "#2"},
				"east": {"uv": [9.813, 3.578, 15.997, 13.537], "texture": "#10"},
				"south": {"uv": [7.359, 3.578, 9.818, 13.491], "texture": "#10"},
				"west": {"uv": [0, 3.578, 7.247, 13.491], "texture": "#10"},
				"up": {"uv": [6.266, 0, 9.772, 15.997], "texture": "#2"},
				"down": {"uv": [6.313, 0, 9.819, 15.997], "texture": "#2"}
			}
		},
		{
			"from": [13.4, 8.5, 11.4],
			"to": [14.4, 14.9, 16],
			"rotation": {"angle": 0, "axis": "y", "origin": [12, 8, 18]},
			"faces": {
				"north": {"uv": [6.344, 3.5, 8.625, 13.541], "texture": "#19"},
				"east": {"uv": [0, 3.407, 6.141, 13.571], "texture": "#19"},
				"south": {"uv": [6.266, 0, 9.718, 15.994], "texture": "#2"},
				"west": {"uv": [9.625, 3.532, 16, 13.432], "texture": "#19"},
				"up": {"uv": [6.226, 0.133, 9.726, 15.998], "texture": "#2"},
				"down": {"uv": [0, 0, 1, 4.6], "texture": "#missing"}
			}
		},
		{
			"from": [11, 0.5, 8.6],
			"to": [15.8, 6.9, 9.5],
			"rotation": {"angle": 0, "axis": "y", "origin": [12, 8, 18]},
			"faces": {
				"north": {"uv": [9.907, 3.625, 15.753, 13.432], "texture": "#7"},
				"east": {"uv": [8.359, 3.625, 9.447, 13.478], "texture": "#7"},
				"south": {"uv": [0, 3.672, 8.207, 13.525], "texture": "#7"},
				"west": {"uv": [6.226, 0, 9.72, 15.994], "texture": "#2"},
				"up": {"uv": [6.266, 0, 9.712, 15.995], "rotation": 270, "texture": "#2"},
				"down": {"uv": [1, 8, 1.9, 12.8], "rotation": 90, "texture": "#missing"}
			}
		},
		{
			"from": [12.3, 0.5, 9.7],
			"to": [16.1, 7.5, 10.6],
			"rotation": {"angle": 0, "axis": "y", "origin": [12, 8, 18]},
			"faces": {
				"north": {"uv": [0, 3.672, 6.566, 13.578], "texture": "#11"},
				"east": {"uv": [6.313, 0, 9.807, 16], "texture": "#2"},
				"south": {"uv": [9.453, 3.672, 16, 13.531], "texture": "#11"},
				"west": {"uv": [7.453, 3.672, 9.259, 13.531], "texture": "#11"},
				"up": {"uv": [6.313, 0, 9.666, 15.995], "rotation": 270, "texture": "#2"},
				"down": {"uv": [6.18, 0, 9.806, 15.995], "rotation": 90, "texture": "#2"}
			}
		},
		{
			"from": [12.2, 0.5, 10.6],
			"to": [16, 7.4, 12.1],
			"rotation": {"angle": 0, "axis": "y", "origin": [12, 8, 18]},
			"faces": {
				"north": {"uv": [0, 0, 3.8, 6.9], "texture": "#missing"},
				"east": {"uv": [7, 3.172, 9.375, 13.384], "texture": "#5"},
				"south": {"uv": [0, 3.172, 6.941, 13.166], "texture": "#5"},
				"west": {"uv": [6.18, 0, 9.774, 15.994], "texture": "#2"},
				"up": {"uv": [6.226, 0, 9.726, 15.995], "rotation": 270, "texture": "#2"},
				"down": {"uv": [0, 0, 1.5, 3.8], "rotation": 90, "texture": "#missing"}
			}
		},
		{
			"from": [12.3, 0.5, 13.5],
			"to": [16, 6.9, 14.6],
			"rotation": {"angle": 0, "axis": "y", "origin": [12, 8, 20]},
			"faces": {
				"north": {"uv": [4.625, 4, 8.325, 10.4], "texture": "#6"},
				"east": {"uv": [6.18, 0, 9.826, 15.994], "texture": "#2"},
				"south": {"uv": [9.407, 3.219, 15.997, 13.384], "texture": "#6"},
				"west": {"uv": [0, 4.813, 1.1, 11.213], "texture": "#6"},
				"up": {"uv": [6.226, 0, 9.779, 15.997], "rotation": 270, "texture": "#2"},
				"down": {"uv": [0, 0, 1.1, 3.7], "rotation": 90, "texture": "#missing"}
			}
		},
		{
			"from": [12.2, 0.5, 12.2],
			"to": [15.8, 7.4, 13.5],
			"rotation": {"angle": 0, "axis": "y", "origin": [12, 8, 20]},
			"faces": {
				"north": {"uv": [9.125, 3.578, 16, 13.525], "texture": "#13"},
				"east": {"uv": [7.5, 3.407, 9.034, 13.541], "texture": "#13"},
				"south": {"uv": [0, 3.5, 7.366, 13.588], "texture": "#13"},
				"west": {"uv": [0, 0, 1.3, 6.9], "texture": "#missing"},
				"up": {"uv": [6.266, 0, 9.745, 15.999], "rotation": 270, "texture": "#2"},
				"down": {"uv": [0, 0, 1.3, 3.6], "rotation": 90, "texture": "#missing"}
			}
		},
		{
			"from": [11.5, 8.5, 11.4],
			"to": [12.1, 14.4, 16.1],
			"rotation": {"angle": 0, "axis": "y", "origin": [12, 8, 18]},
			"faces": {
				"north": {"uv": [6.266, 0, 9.733, 15.994], "texture": "#2"},
				"east": {"uv": [0, 0, 4.7, 5.9], "texture": "#missing"},
				"south": {"uv": [6.672, 3.578, 7.912, 13.618], "texture": "#14"},
				"west": {"uv": [0, 0, 4.7, 5.9], "texture": "#missing"},
				"up": {"uv": [6.266, 0, 9.592, 15.997], "texture": "#2"},
				"down": {"uv": [6.18, 0, 9.733, 15.997], "texture": "#2"}
			}
		},
		{
			"from": [12.1, 8.5, 11.4],
			"to": [13, 14.7, 16.2],
			"rotation": {"angle": 0, "axis": "y", "origin": [12, 8, 18]},
			"faces": {
				"north": {"uv": [0, 0, 0.9, 6.2], "texture": "#2"},
				"east": {"uv": [9.766, 3.532, 15.58, 13.591], "texture": "#15"},
				"south": {"uv": [7.313, 3.484, 9.072, 13.637], "texture": "#15"},
				"west": {"uv": [0, 3.5, 7.253, 13.607], "texture": "#15"},
				"up": {"uv": [6.313, 0, 9.807, 15.995], "texture": "#2"},
				"down": {"uv": [6.18, 0, 9.674, 15.995], "texture": "#2"}
			}
		},
		{
			"from": [9.4, 0.5, 11.2],
			"to": [10.9, 7, 16.1],
			"rotation": {"angle": 0, "axis": "y", "origin": [12, 8, 18]},
			"faces": {
				"north": {"uv": [6.266, 0, 9.766, 16], "texture": "#2"},
				"east": {"uv": [9.859, 3.625, 15.993, 13.438], "texture": "#9"},
				"south": {"uv": [7.578, 3.532, 9.843, 13.531], "texture": "#9"},
				"west": {"uv": [0, 3.625, 7.166, 13.359], "texture": "#9"},
				"up": {"uv": [6.313, 0, 9.766, 15.994], "texture": "#2"},
				"down": {"uv": [6.266, 0, 9.718, 15.994], "texture": "#2"}
			}
		},
		{
			"from": [-0.1, 8.5, 5.1],
			"to": [6, 14.6, 6.3],
			"faces": {
				"north": {"uv": [0, 3.625, 5.475, 13.553], "texture": "#25"},
				"east": {"uv": [6.187, 0, 9.815, 15.999], "texture": "#2"},
				"south": {"uv": [8.219, 5.359, 14.319, 11.459], "texture": "#25"},
				"west": {"uv": [5.266, 3.719, 7.012, 13.413], "texture": "#25"},
				"up": {"uv": [0, 6.18, 15.999, 9.786], "texture": "#3"},
				"down": {"uv": [0, 6.18, 15.999, 9.833], "texture": "#3"}
			}
		},
		{
			"from": [-0.1, 0.5, 1.2],
			"to": [4.1, 6.9, 2.3],
			"rotation": {"angle": 0, "axis": "y", "origin": [8, 0, 4.1]},
			"faces": {
				"north": {"uv": [0, 3.672, 7.247, 13.291], "texture": "#9"},
				"east": {"uv": [6.226, 0, 9.779, 15.994], "texture": "#2"},
				"south": {"uv": [10, 3.719, 15.997, 13.432], "texture": "#9"},
				"west": {"uv": [7.625, 3.532, 9.819, 13.525], "texture": "#9"},
				"up": {"uv": [0, 6.18, 15.997, 9.826], "texture": "#3"},
				"down": {"uv": [0, 6.18, 15.997, 9.826], "texture": "#3"}
			}
		},
		{
			"from": [0, 0.5, 5.4],
			"to": [4.1, 6.9, 6.1],
			"rotation": {"angle": 0, "axis": "y", "origin": [8, 0, 7.9]},
			"faces": {
				"north": {"uv": [0, 3.578, 6.288, 13.572], "texture": "#14"},
				"east": {"uv": [6.18, 0, 9.747, 15.994], "texture": "#2"},
				"south": {"uv": [0, 0, 4.1, 6.4], "texture": "#missing"},
				"west": {"uv": [6.813, 3.563, 7.918, 13.617], "texture": "#14"},
				"up": {"uv": [0, 6.313, 15.999, 9.786], "texture": "#3"},
				"down": {"uv": [0, 0, 4.1, 0.7], "texture": "#missing"}
			}
		},
		{
			"from": [0.2, 8.5, 6.3],
			"to": [6.4, 15, 7.2],
			"faces": {
				"north": {"uv": [0, 3.578, 6.7, 13.484], "texture": "#11"},
				"east": {"uv": [6.226, 0, 9.806, 16], "texture": "#2"},
				"south": {"uv": [9.313, 3.672, 15.997, 13.531], "texture": "#11"},
				"west": {"uv": [7.5, 3.563, 9.134, 13.515], "texture": "#11"},
				"up": {"uv": [0, 6.274, 15.997, 9.853], "texture": "#3"},
				"down": {"uv": [0, 0, 6.2, 0.9], "texture": "#missing"}
			}
		},
		{
			"from": [-0.2, 0.5, 2.3],
			"to": [4.5, 6.8, 3.1],
			"rotation": {"angle": 0, "axis": "y", "origin": [8, 0, 4.1]},
			"faces": {
				"north": {"uv": [9.891, 3.532, 16, 13.597], "texture": "#10"},
				"east": {"uv": [7.453, 3.532, 9.753, 13.566], "texture": "#10"},
				"south": {"uv": [0, 3.532, 7.2, 13.519], "texture": "#10"},
				"west": {"uv": [6.226, 0, 9.799, 15.995], "texture": "#2"},
				"up": {"uv": [0, 6.313, 15.997, 9.839], "texture": "#3"},
				"down": {"uv": [0, 6.226, 15.997, 9.8], "texture": "#3"}
			}
		},
		{
			"from": [-0.1, 0.5, 6.1],
			"to": [4.5, 7.2, 6.9],
			"rotation": {"angle": 0, "axis": "y", "origin": [8, 0, 7.9]},
			"faces": {
				"north": {"uv": [9.813, 3.578, 15.74, 13.544], "texture": "#15"},
				"east": {"uv": [6.18, 0, 9.847, 15.997], "texture": "#2"},
				"south": {"uv": [0, 0, 4.6, 6.7], "texture": "#missing"},
				"west": {"uv": [7.313, 3.578, 9.065, 13.59], "texture": "#15"},
				"up": {"uv": [0, 6.226, 15.999, 9.846], "texture": "#3"},
				"down": {"uv": [0, 6.266, 15.999, 9.792], "texture": "#3"}
			}
		},
		{
			"from": [-0.2, 8.5, 7.2],
			"to": [6.5, 14.2, 8.4],
			"faces": {
				"north": {"uv": [9.328, 3.203, 15.996, 13.48], "texture": "#5"},
				"east": {"uv": [0, 0, 1.2, 5.7], "texture": "#missing"},
				"south": {"uv": [0, 3.219, 6.982, 13.357], "texture": "#5"},
				"west": {"uv": [7.125, 3.172, 9.2, 13.371], "texture": "#5"},
				"up": {"uv": [0, 6.18, 15.997, 9.833], "texture": "#3"},
				"down": {"uv": [0, 6.18, 15.997, 9.833], "texture": "#3"}
			}
		},
		{
			"from": [0.1, 0.5, 3.1],
			"to": [4.6, 7.1, 4.1],
			"rotation": {"angle": 0, "axis": "y", "origin": [8, 0, 4.1]},
			"faces": {
				"north": {"uv": [0, 0, 4.7, 6.6], "texture": "#missing"},
				"east": {"uv": [6.18, 0, 9.812, 15.999], "texture": "#2"},
				"south": {"uv": [1.407, 3.388, 6.7, 12.646], "texture": "#0"},
				"west": {"uv": [7.907, 3.359, 9.485, 12.663], "texture": "#0"},
				"up": {"uv": [0, 6.18, 15.997, 9.766], "texture": "#3"},
				"down": {"uv": [0, 0, 4.7, 1], "texture": "#missing"}
			}
		},
		{
			"from": [-0.2, 0.5, 6.9],
			"to": [4.6, 7.3, 7.9],
			"rotation": {"angle": 0, "axis": "y", "origin": [8, 0, 7.9]},
			"faces": {
				"north": {"uv": [0, 3.5, 7.441, 13.613], "texture": "#13"},
				"east": {"uv": [6.226, 0, 9.82, 15.995], "texture": "#2"},
				"south": {"uv": [9.125, 3.578, 16, 13.566], "texture": "#13"},
				"west": {"uv": [7.578, 3.359, 8.984, 13.612], "texture": "#13"},
				"up": {"uv": [0, 6.226, 15.995, 9.82], "texture": "#3"},
				"down": {"uv": [0, 6.266, 15.995, 9.766], "texture": "#3"}
			}
		},
		{
			"from": [9.7, 8.5, 9.4],
			"to": [15.9, 14.5, 11],
			"faces": {
				"north": {"uv": [8.813, 3.641, 15.997, 13.547], "texture": "#14"},
				"east": {"uv": [6.391, 3.625, 8.318, 13.625], "texture": "#14"},
				"south": {"uv": [0, 3.672, 6.2, 13.578], "texture": "#14"},
				"west": {"uv": [6.226, 0, 9.826, 16], "texture": "#2"},
				"up": {"uv": [0, 6.226, 15.997, 9.826], "texture": "#3"},
				"down": {"uv": [0, 0, 6.2, 1.6], "texture": "#missing"}
			}
		},
		{
			"from": [9.7, 8.5, 8.1],
			"to": [16.1, 15.1, 9.3],
			"faces": {
				"north": {"uv": [9.641, 3.578, 15.493, 13.631], "texture": "#17"},
				"east": {"uv": [6.953, 3.532, 8.747, 13.632], "texture": "#17"},
				"south": {"uv": [0, 3.532, 6.307, 13.538], "texture": "#17"},
				"west": {"uv": [6.226, 0, 9.7, 15.999], "texture": "#2"},
				"up": {"uv": [0, 6.226, 15.994, 9.653], "texture": "#3"},
				"down": {"uv": [0, 6.226, 15.994, 9.7], "texture": "#3"}
			}
		},
		{
			"from": [3.7, 8.5, -0.2],
			"to": [5.1, 14.2, 4.8],
			"rotation": {"angle": 0, "axis": "y", "origin": [6.5, 8, -3.4]},
			"faces": {
				"north": {"uv": [5.453, 3.766, 7.041, 13.419], "texture": "#25"},
				"east": {"uv": [0, 3.672, 5.094, 13.466], "texture": "#25"},
				"south": {"uv": [6.226, 0, 9.806, 15.997], "texture": "#2"},
				"west": {"uv": [7.407, 5.532, 12.407, 11.232], "texture": "#25"},
				"up": {"uv": [0, 6.226, 16, 9.805], "rotation": 90, "texture": "#3"},
				"down": {"uv": [0, 6.226, 16, 9.806], "rotation": 270, "texture": "#3"}
			}
		},
		{
			"from": [6, 8.5, 0.1],
			"to": [7.3, 14.5, 4.8],
			"rotation": {"angle": 0, "axis": "y", "origin": [6.5, 8, -3.4]},
			"faces": {
				"north": {"uv": [7.032, 3.625, 8.613, 13.625], "texture": "#17"},
				"east": {"uv": [0, 3.625, 6.607, 13.532], "texture": "#17"},
				"south": {"uv": [6.313, 0, 9.613, 15.867], "texture": "#2"},
				"west": {"uv": [0, 0, 4.7, 6], "texture": "#missing"},
				"up": {"uv": [0, 6.313, 15.997, 9.792], "rotation": 90, "texture": "#3"},
				"down": {"uv": [0, 0, 4.7, 1.3], "rotation": 270, "texture": "#missing"}
			}
		},
		{
			"from": [2.7, 8.5, 0.1],
			"to": [3.6, 14.9, 4.8],
			"rotation": {"angle": 0, "axis": "y", "origin": [6.5, 8, -3.4]},
			"faces": {
				"north": {"uv": [6.313, 0, 9.713, 15.994], "texture": "#2"},
				"east": {"uv": [1.407, 3.586, 7.013, 12.58], "texture": "#0"},
				"south": {"uv": [7.859, 3.359, 9.533, 12.493], "texture": "#0"},
				"west": {"uv": [9.907, 3.539, 14.607, 12.392], "texture": "#0"},
				"up": {"uv": [0, 6.266, 15.997, 9.751], "rotation": 90, "texture": "#3"},
				"down": {"uv": [0, 0, 4.7, 0.9], "rotation": 270, "texture": "#missing"}
			}
		},
		{
			"from": [1.7, 8.5, -0.1],
			"to": [2.7, 14, 4.6],
			"rotation": {"angle": 0, "axis": "y", "origin": [6.5, 8, -3.4]},
			"faces": {
				"north": {"uv": [6.984, 3.5, 8.484, 13.594], "texture": "#12"},
				"east": {"uv": [0, 3.532, 6.107, 13.578], "texture": "#12"},
				"south": {"uv": [6.266, 0, 9.766, 16], "texture": "#2"},
				"west": {"uv": [8.907, 3.532, 15.997, 13.578], "texture": "#12"},
				"up": {"uv": [0, 6.266, 15.997, 9.812], "rotation": 90, "texture": "#3"},
				"down": {"uv": [0, 6.18, 15.997, 9.812], "rotation": 270, "texture": "#3"}
			}
		},
		{
			"from": [5.2, 8.5, -0.3],
			"to": [6.1, 15.1, 5],
			"rotation": {"angle": 0, "axis": "y", "origin": [6.5, 8, -3.4]},
			"faces": {
				"north": {"uv": [7.313, 3.532, 9.071, 13.631], "texture": "#16"},
				"east": {"uv": [0, 3.5, 7.207, 13.459], "texture": "#16"},
				"south": {"uv": [6.359, 0, 9.759, 15.999], "texture": "#2"},
				"west": {"uv": [10.125, 3.578, 15.863, 13.631], "texture": "#16"},
				"up": {"uv": [0, 6.226, 15.995, 9.579], "rotation": 90, "texture": "#3"},
				"down": {"uv": [0, 6.226, 15.995, 9.728], "rotation": 270, "texture": "#3"}
			}
		},
		{
			"from": [9.7, 8.5, 6.8],
			"to": [16.2, 14.5, 8.1],
			"faces": {
				"north": {"uv": [8.219, 5.313, 14.719, 11.453], "texture": "#25"},
				"east": {"uv": [5.453, 3.719, 7.112, 13.407], "texture": "#25"},
				"south": {"uv": [9.407, 5.453, 15.907, 11.453], "texture": "#25"},
				"west": {"uv": [6.266, 0, 9.745, 16], "texture": "#2"},
				"up": {"uv": [0, 6.226, 16, 9.62], "texture": "#3"},
				"down": {"uv": [0, 6.226, 16, 9.753], "texture": "#3"}
			}
		},
		{
			"from": [9.9, 0.5, 6.8],
			"to": [16.1, 7.5, 7.9],
			"faces": {
				"north": {"uv": [9.844, 3.578, 15.997, 13.531], "texture": "#16"},
				"east": {"uv": [7.313, 3.578, 9.053, 13.578], "texture": "#16"},
				"south": {"uv": [0, 3.578, 7.2, 13.531], "texture": "#16"},
				"west": {"uv": [6.313, 0, 9.78, 16], "texture": "#2"},
				"up": {"uv": [0, 6.313, 15.997, 9.733], "texture": "#3"},
				"down": {"uv": [0, 6.266, 15.997, 9.733], "texture": "#3"}
			}
		},
		{
			"from": [9.7, 8.5, 5.4],
			"to": [16.1, 13.9, 6.8],
			"faces": {
				"north": {"uv": [9.641, 3.438, 15.993, 13.525], "texture": "#18"},
				"east": {"uv": [7.359, 3.5, 9.525, 13.588], "texture": "#18"},
				"south": {"uv": [0, 0, 6.4, 5.4], "texture": "#missing"},
				"west": {"uv": [6.226, 0, 9.673, 15.994], "texture": "#2"},
				"up": {"uv": [0, 6.18, 15.994, 9.759], "texture": "#3"},
				"down": {"uv": [0, 6.313, 15.994, 9.713], "texture": "#3"}
			}
		},
		{
			"from": [9.5, 8.5, -0.3],
			"to": [10.3, 15.1, 4.9],
			"faces": {
				"north": {"uv": [6.313, 0, 9.745, 15.999], "texture": "#2"},
				"east": {"uv": [0, 3.578, 8.059, 13.491], "texture": "#7"},
				"south": {"uv": [8.407, 3.672, 9.472, 13.396], "texture": "#7"},
				"west": {"uv": [9.578, 3.672, 15.996, 13.506], "texture": "#7"},
				"up": {"uv": [0, 6.266, 15.997, 9.698], "rotation": 270, "texture": "#3"},
				"down": {"uv": [0, 6.266, 15.997, 9.659], "rotation": 90, "texture": "#3"}
			}
		},
		{
			"from": [8.9, 8.5, 0.2],
			"to": [9.5, 14.7, 4.9],
			"faces": {
				"north": {"uv": [6.672, 3.578, 8.13, 13.591], "texture": "#14"},
				"east": {"uv": [0, 0, 4.7, 6.2], "texture": "#missing"},
				"south": {"uv": [6.226, 0, 9.779, 15.997], "texture": "#2"},
				"west": {"uv": [10.407, 3.578, 15.997, 13.544], "texture": "#14"},
				"up": {"uv": [0, 6.359, 15.997, 9.459], "rotation": 270, "texture": "#3"},
				"down": {"uv": [0, 0, 4.7, 0.6], "rotation": 90, "texture": "#missing"}
			}
		},
		{
			"from": [10.4, 8.5, 0.2],
			"to": [11.4, 14.4, 5],
			"faces": {
				"north": {"uv": [7.625, 3.625, 9.152, 13.466], "texture": "#11"},
				"east": {"uv": [0, 3.625, 6.8, 13.525], "texture": "#11"},
				"south": {"uv": [6.226, 0, 9.82, 15.994], "texture": "#2"},
				"west": {"uv": [9.407, 3.719, 16, 13.478], "texture": "#11"},
				"up": {"uv": [0, 6.226, 15.995, 9.726], "rotation": 270, "texture": "#3"},
				"down": {"uv": [0, 0, 4.8, 1], "rotation": 90, "texture": "#missing"}
			}
		},
		{
			"from": [12.3, 8.5, 0.2],
			"to": [13.7, 14.6, 5],
			"faces": {
				"north": {"uv": [7.407, 3.532, 9.466, 13.544], "texture": "#18"},
				"east": {"uv": [0, 3.453, 6.941, 13.506], "texture": "#18"},
				"south": {"uv": [6.18, 0, 9.853, 15.999], "texture": "#2"},
				"west": {"uv": [10.453, 3.5, 16, 13.6], "texture": "#18"},
				"up": {"uv": [0, 6.266, 15.995, 9.759], "rotation": 270, "texture": "#3"},
				"down": {"uv": [0, 0, 4.8, 1.4], "rotation": 90, "texture": "#missing"}
			}
		},
		{
			"from": [11.7, 0.5, 0.2],
			"to": [15.2, 1.1, 6.1],
			"rotation": {"angle": 0, "axis": "y", "origin": [8.1, 8, 8]},
			"faces": {
				"north": {"uv": [0, 6.266, 16, 9.733], "texture": "#3"},
				"east": {"uv": [2.5, 6.953, 12.446, 8.506], "texture": "#24"},
				"south": {"uv": [0, 6.453, 16, 9.647], "texture": "#3"},
				"west": {"uv": [0, 6.266, 15.994, 9.818], "texture": "#3"},
				"up": {"uv": [2.5, 0, 12.447, 6], "rotation": 270, "texture": "#24"},
				"down": {"uv": [0, 0, 5.9, 3.5], "rotation": 90, "texture": "#missing"}
			}
		},
		{
			"from": [11.8, 1.1, 0.5],
			"to": [15, 2, 6.1],
			"rotation": {"angle": 0, "axis": "y", "origin": [8.1, 8, 8]},
			"faces": {
				"north": {"uv": [0, 6.313, 16, 9.78], "texture": "#3"},
				"east": {"uv": [0, 6.407, 15.994, 9.507], "texture": "#3"},
				"south": {"uv": [0, 6.18, 16, 9.686], "texture": "#3"},
				"west": {"uv": [2.546, 8.187, 12.399, 9.958], "texture": "#23"},
				"up": {"uv": [2.578, 0, 12.384, 8], "rotation": 270, "texture": "#23"},
				"down": {"uv": [0, 0, 5.9, 3.5], "rotation": 90, "texture": "#missing"}
			}
		},
		{
			"from": [13.8, 8.5, 0.2],
			"to": [15, 14.2, 5],
			"faces": {
				"north": {"uv": [7.625, 3.531, 9.778, 13.512], "texture": "#9"},
				"east": {"uv": [0, 3.625, 7.3, 13.325], "texture": "#9"},
				"south": {"uv": [6.313, 0, 9.739, 15.997], "texture": "#2"},
				"west": {"uv": [9.907, 3.672, 16, 13.418], "texture": "#9"},
				"up": {"uv": [0, 6.313, 15.995, 9.88], "rotation": 270, "texture": "#3"},
				"down": {"uv": [0, 0, 4.8, 1.2], "rotation": 90, "texture": "#missing"}
			}
		},
		{
			"from": [14.1, 4.4, -0.2],
			"to": [15.1, 9.7, 4.6],
			"rotation": {"angle": -22.5, "axis": "z", "origin": [8, 8, 8]},
			"faces": {
				"north": {"uv": [7.407, 3.625, 9.672, 13.519], "texture": "#10"},
				"east": {"uv": [0, 3.578, 7.253, 13.519], "texture": "#10"},
				"south": {"uv": [6.266, 0, 9.812, 15.995], "texture": "#2"},
				"west": {"uv": [9.813, 3.625, 16, 13.519], "texture": "#10"},
				"up": {"uv": [0, 6.226, 15.995, 9.773], "rotation": 270, "texture": "#3"},
				"down": {"uv": [0, 6.313, 15.995, 9.719], "rotation": 90, "texture": "#3"}
			}
		},
		{
			"from": [11.4, 8.5, -0.1],
			"to": [12.2, 14.8, 3.9],
			"faces": {
				"north": {"uv": [7.625, 3.484, 9.012, 13.637], "texture": "#13"},
				"east": {"uv": [0, 3.532, 6.913, 13.625], "texture": "#13"},
				"south": {"uv": [6.359, 0.086, 9.686, 15.953], "texture": "#2"},
				"west": {"uv": [9.266, 3.578, 16, 13.578], "texture": "#13"},
				"up": {"uv": [0.226, 6.453, 15.998, 9.873], "rotation": 270, "texture": "#3"},
				"down": {"uv": [0, 6.407, 15.999, 9.413], "rotation": 90, "texture": "#3"}
			}
		},
		{
			"from": [7.9, -0.1, 0],
			"to": [8.7, 6.5, 4.8],
			"rotation": {"angle": 22.5, "axis": "z", "origin": [8, 8, 8]},
			"faces": {
				"north": {"uv": [7.313, 3.672, 9.083, 13.584], "texture": "#15"},
				"east": {"uv": [0, 3.5, 7.207, 13.694], "texture": "#15"},
				"south": {"uv": [6.266, 0, 9.686, 15.999], "texture": "#2"},
				"west": {"uv": [9.594, 3.578, 16, 13.491], "texture": "#15"},
				"up": {"uv": [0, 6.18, 15.995, 9.78], "rotation": 270, "texture": "#3"},
				"down": {"uv": [0, 6.266, 15.995, 9.686], "rotation": 90, "texture": "#3"}
			}
		}
	],
	"groups": [
		{
			"name": "madeira",
			"origin": [8, 8, 8],
			"children": [0, 1, 2, 3, 4, 5,
				{
					"name": "hastes",
					"origin": [8, 8, 8],
					"children": [6, 7, 8, 9, 10, 11, 12, 13]
				}
			]
		},
		{
			"name": "books",
			"origin": [8, 8, 8],
			"children": [14, 15, 16, 17, 18, 19, 20, 21, 22, 23, 24, 25, 26, 27, 28, 29, 30, 31, 32, 33, 34, 35, 36, 37, 38, 39, 40, 41, 42, 43, 44, 45, 46, 47, 48, 49, 50, 51, 52, 53, 54, 55, 56, 57, 58, 59, 60, 61, 62, 63, 64, 65, 66, 67, 68, 69, 70, 71]
		}
	],
		"display": {
        "gui": {
            "rotation": [ 30, 225, 0 ],
            "translation": [ 0, 0, 0],
            "scale":[ 0.625, 0.625, 0.625 ]
        },
        "ground": {
            "rotation": [ 0, 0, 0 ],
            "translation": [ 0, 3, 0],
            "scale":[ 0.25, 0.25, 0.25 ]
        },
        "fixed": {
            "rotation": [ 0, 0, 0 ],
            "translation": [ 0, 0, 0],
            "scale":[ 0.5, 0.5, 0.5 ]
        },
        "thirdperson_righthand": {
            "rotation": [ 75, 45, 0 ],
            "translation": [ 0, 2.5, 0],
            "scale": [ 0.375, 0.375, 0.375 ]
        },
        "firstperson_righthand": {
            "rotation": [ 0, 45, 0 ],
            "translation": [ 0, 0, 0 ],
            "scale": [ 0.40, 0.40, 0.40 ]
        },
        "firstperson_lefthand": {
            "rotation": [ 0, 225, 0 ],
            "translation": [ 0, 0, 0 ],
            "scale": [ 0.40, 0.40, 0.40 ]
        }
	}
}