{
	"textures": {
		"0": "block/cmodels/leave_vine1",
		"1": "block/cmodels/leave_vine2",
		"2": "block/cmodels/leave_vine3",
		"3": "block/cmodels/leave_vine4",
		"4": "block/cmodels/leave_vine5",
		"5": "block/cmodels/leave_vine6",
		"6": "block/cmodels/background_vine",
		"particle": "block/cmodels/leave_vine1"
	},
	"elements": [
		{
			"from": [12, 10.5, 12.5],
			"to": [16, 14.5, 12.5],
			"rotation": {"angle": 22.5, "axis": "x", "origin": [14.5, 12, 12.5]},
			"faces": {
				"north": {"uv": [0, 0, 15.999, 15.999], "texture": "#2"},
				"east": {"uv": [0, 0, 0, 5], "texture": "#missing"},
				"south": {"uv": [15.999, 0, 0, 15.999], "texture": "#2"},
				"west": {"uv": [0, 0, 0, 5], "texture": "#missing"},
				"up": {"uv": [0, 0, 5, 0], "texture": "#missing"},
				"down": {"uv": [0, 0, 5, 0], "texture": "#missing"}
			}
		},
		{
			"from": [1, 2.5, 14],
			"to": [5, 6.5, 14],
			"rotation": {"angle": 22.5, "axis": "x", "origin": [2.5, 4, 14]},
			"faces": {
				"north": {"uv": [15.999, 0, 0, 15.999], "texture": "#1"},
				"east": {"uv": [0, 0, 0, 5], "texture": "#missing"},
				"south": {"uv": [0, 0, 15.999, 15.999], "texture": "#1"},
				"west": {"uv": [0, 0, 0, 5], "texture": "#missing"},
				"up": {"uv": [5, 0, 0, 0], "texture": "#missing"},
				"down": {"uv": [5, 0, 0, 0], "texture": "#missing"}
			}
		},
		{
			"from": [7, -4.25, 15.25],
			"to": [11, -0.25, 15.25],
			"faces": {
				"north": {"uv": [0, 0, 15.999, 15.999], "texture": "#0"},
				"east": {"uv": [0, 0, 0, 5], "texture": "#missing"},
				"south": {"uv": [15.999, 0, 0, 15.999], "texture": "#0"},
				"west": {"uv": [0, 0, 0, 5], "texture": "#missing"},
				"up": {"uv": [0, 0, 5, 0], "texture": "#missing"},
				"down": {"uv": [0, 0, 5, 0], "texture": "#missing"}
			}
		},
		{
			"from": [2.5, 9.75, 15],
			"to": [5.5, 12.75, 15],
			"faces": {
				"north": {"uv": [0, 0, 15.999, 15.999], "texture": "#3"},
				"east": {"uv": [0, 0, 0, 5], "texture": "#missing"},
				"south": {"uv": [15.999, 0, 0, 15.999], "texture": "#3"},
				"west": {"uv": [0, 0, 0, 5], "texture": "#missing"},
				"up": {"uv": [0, 0, 5, 0], "texture": "#missing"},
				"down": {"uv": [0, 0, 5, 0], "texture": "#missing"}
			}
		},
		{
			"from": [1, -2.75, 13.5],
			"to": [5, 1.25, 13.5],
			"faces": {
				"north": {"uv": [0, 0, 15.999, 15.999], "texture": "#5"},
				"east": {"uv": [0, 0, 0, 5], "texture": "#missing"},
				"south": {"uv": [0, 0, 15.999, 15.999], "texture": "#5"},
				"west": {"uv": [0, 0, 0, 5], "texture": "#missing"},
				"up": {"uv": [0, 0, 5, 0], "texture": "#missing"},
				"down": {"uv": [0, 0, 5, 0], "texture": "#missing"}
			}
		},
		{
			"from": [11.25, 1.25, 14],
			"to": [15.25, 5.25, 14],
			"rotation": {"angle": 22.5, "axis": "x", "origin": [12.75, 4.75, 14]},
			"faces": {
				"north": {"uv": [0, 0, 15.999, 15.999], "texture": "#4"},
				"east": {"uv": [0, 0, 0, 5], "texture": "#missing"},
				"south": {"uv": [15.999, 0, 0, 15.999], "texture": "#4"},
				"west": {"uv": [0, 0, 0, 5], "texture": "#missing"},
				"up": {"uv": [0, 0, 5, 0], "texture": "#missing"},
				"down": {"uv": [0, 0, 5, 0], "texture": "#missing"}
			}
		},
		{
			"from": [0.5, 7.25, 13.75],
			"to": [4.5, 11.25, 13.75],
			"rotation": {"angle": -22.5, "axis": "y", "origin": [2, 9.75, 13.75]},
			"faces": {
				"north": {"uv": [15.999, 0, 0, 15.999], "texture": "#0"},
				"east": {"uv": [0, 0, 0, 5], "texture": "#missing"},
				"south": {"uv": [0, 0, 15.999, 15.999], "texture": "#0"},
				"west": {"uv": [0, 0, 0, 5], "texture": "#missing"},
				"up": {"uv": [5, 0, 0, 0], "texture": "#missing"},
				"down": {"uv": [5, 0, 0, 0], "texture": "#missing"}
			}
		},
		{
			"from": [12.5, 6.25, 13.75],
			"to": [15.5, 9.25, 13.75],
			"rotation": {"angle": -22.5, "axis": "y", "origin": [14, 7.75, 13.75]},
			"faces": {
				"north": {"uv": [15.999, 0, 0, 15.999], "texture": "#1"},
				"east": {"uv": [0, 0, 0, 5], "texture": "#missing"},
				"south": {"uv": [0, 0, 15.999, 15.999], "texture": "#1"},
				"west": {"uv": [0, 0, 0, 5], "texture": "#missing"},
				"up": {"uv": [5, 0, 0, 0], "texture": "#missing"},
				"down": {"uv": [5, 0, 0, 0], "texture": "#missing"}
			}
		},
		{
			"from": [10, -2.5, 14],
			"to": [14, 1.5, 14],
			"rotation": {"angle": 22.5, "axis": "x", "origin": [11.5, -1, 14]},
			"faces": {
				"north": {"uv": [15.999, 0, 0, 15.999], "texture": "#1"},
				"east": {"uv": [0, 0, 0, 5], "texture": "#missing"},
				"south": {"uv": [0, 0, 15.999, 15.999], "texture": "#1"},
				"west": {"uv": [0, 0, 0, 5], "texture": "#missing"},
				"up": {"uv": [5, 0, 0, 0], "texture": "#missing"},
				"down": {"uv": [5, 0, 0, 0], "texture": "#missing"}
			}
		},
		{
			"from": [3.75, 6.25, 14],
			"to": [7.75, 10.25, 14],
			"rotation": {"angle": 22.5, "axis": "x", "origin": [5.25, 8.75, 14]},
			"faces": {
				"north": {"uv": [0, 0, 15.999, 15.999], "texture": "#1"},
				"east": {"uv": [0, 0, 0, 5], "texture": "#missing"},
				"south": {"uv": [15.999, 0, 0, 15.999], "texture": "#1"},
				"west": {"uv": [0, 0, 0, 5], "texture": "#missing"},
				"up": {"uv": [0, 0, 5, 0], "texture": "#missing"},
				"down": {"uv": [0, 0, 5, 0], "texture": "#missing"}
			}
		},
		{
			"from": [-1.5, 1.75, 14],
			"to": [2.5, 5.75, 14],
			"rotation": {"angle": 22.5, "axis": "x", "origin": [0, 3.25, 14]},
			"faces": {
				"north": {"uv": [0, 0, 15.999, 15.999], "texture": "#2"},
				"east": {"uv": [0, 0, 0, 5], "texture": "#missing"},
				"south": {"uv": [15.999, 0, 0, 15.999], "texture": "#2"},
				"west": {"uv": [0, 0, 0, 5], "texture": "#missing"},
				"up": {"uv": [0, 0, 5, 0], "texture": "#missing"},
				"down": {"uv": [0, 0, 5, 0], "texture": "#missing"}
			}
		},
		{
			"from": [2.25, 1, 12.75],
			"to": [6.25, 5, 12.75],
			"rotation": {"angle": -22.5, "axis": "y", "origin": [3.75, 3.5, 10.75]},
			"faces": {
				"north": {"uv": [0, 0, 15.999, 15.999], "texture": "#3"},
				"east": {"uv": [0, 0, 0, 5], "texture": "#missing"},
				"south": {"uv": [15.999, 0, 0, 15.999], "texture": "#3"},
				"west": {"uv": [0, 0, 0, 5], "texture": "#missing"},
				"up": {"uv": [0, 0, 5, 0], "texture": "#missing"},
				"down": {"uv": [0, 0, 5, 0], "texture": "#missing"}
			}
		},
		{
			"from": [10.5, 11.75, 14.25],
			"to": [13.5, 14.75, 14.25],
			"faces": {
				"north": {"uv": [0, 0, 15.999, 15.999], "texture": "#3"},
				"east": {"uv": [0, 0, 0, 5], "texture": "#missing"},
				"south": {"uv": [15.999, 0, 0, 15.999], "texture": "#3"},
				"west": {"uv": [0, 0, 0, 5], "texture": "#missing"},
				"up": {"uv": [0, 0, 5, 0], "texture": "#missing"},
				"down": {"uv": [0, 0, 5, 0], "texture": "#missing"}
			}
		},
		{
			"from": [9.5, 3, 14.25],
			"to": [13.5, 7, 14.25],
			"rotation": {"angle": 22.5, "axis": "x", "origin": [11, 5.5, 14.25]},
			"faces": {
				"north": {"uv": [0, 0, 15.999, 15.999], "texture": "#1"},
				"east": {"uv": [0, 0, 0, 5], "texture": "#missing"},
				"south": {"uv": [15.999, 0, 0, 15.999], "texture": "#1"},
				"west": {"uv": [0, 0, 0, 5], "texture": "#missing"},
				"up": {"uv": [0, 0, 5, 0], "texture": "#missing"},
				"down": {"uv": [0, 0, 5, 0], "texture": "#missing"}
			}
		},
		{
			"from": [11, 9.25, 13.5],
			"to": [15, 13.25, 13.5],
			"rotation": {"angle": 22.5, "axis": "x", "origin": [12.5, 10.75, 13.5]},
			"faces": {
				"north": {"uv": [15.999, 0, 0, 15.999], "texture": "#1"},
				"east": {"uv": [0, 0, 0, 5], "texture": "#missing"},
				"south": {"uv": [0, 0, 15.999, 15.999], "texture": "#1"},
				"west": {"uv": [0, 0, 0, 5], "texture": "#missing"},
				"up": {"uv": [5, 0, 0, 0], "texture": "#missing"},
				"down": {"uv": [5, 0, 0, 0], "texture": "#missing"}
			}
		},
		{
			"from": [3.5, -1.25, 14.5],
			"to": [7.5, 2.75, 14.5],
			"rotation": {"angle": 22.5, "axis": "y", "origin": [5, 1.25, 14.5]},
			"faces": {
				"north": {"uv": [15.999, 0, 0, 15.999], "texture": "#0"},
				"east": {"uv": [0, 0, 0, 5], "texture": "#missing"},
				"south": {"uv": [0, 0, 15.999, 15.999], "texture": "#0"},
				"west": {"uv": [0, 0, 0, 5], "texture": "#missing"},
				"up": {"uv": [5, 0, 0, 0], "texture": "#missing"},
				"down": {"uv": [5, 0, 0, 0], "texture": "#missing"}
			}
		},
		{
			"from": [9, 3, 14.5],
			"to": [12, 6, 14.5],
			"faces": {
				"north": {"uv": [0, 0, 15.999, 15.999], "texture": "#5"},
				"east": {"uv": [0, 0, 0, 5], "texture": "#missing"},
				"south": {"uv": [0, 0, 15.999, 15.999], "texture": "#5"},
				"west": {"uv": [0, 0, 0, 5], "texture": "#missing"},
				"up": {"uv": [0, 0, 5, 0], "texture": "#missing"},
				"down": {"uv": [0, 0, 5, 0], "texture": "#missing"}
			}
		},
		{
			"from": [6.5, -0.5, 15.25],
			"to": [10.5, 3.5, 15.25],
			"faces": {
				"north": {"uv": [0, 0, 15.999, 15.999], "texture": "#1"},
				"east": {"uv": [0, 0, 0, 5], "texture": "#missing"},
				"south": {"uv": [15.999, 0, 0, 15.999], "texture": "#1"},
				"west": {"uv": [0, 0, 0, 5], "texture": "#missing"},
				"up": {"uv": [0, 0, 5, 0], "texture": "#missing"},
				"down": {"uv": [0, 0, 5, 0], "texture": "#missing"}
			}
		},
		{
			"from": [0, 12.5, 14.5],
			"to": [4, 16.5, 14.5],
			"rotation": {"angle": 22.5, "axis": "y", "origin": [1.5, 14, 14.5]},
			"faces": {
				"north": {"uv": [0, 0, 15.999, 15.999], "texture": "#5"},
				"east": {"uv": [0, 0, 0, 5], "texture": "#missing"},
				"south": {"uv": [0, 0, 15.999, 15.999], "texture": "#5"},
				"west": {"uv": [0, 0, 0, 5], "texture": "#missing"},
				"up": {"uv": [0, 0, 5, 0], "texture": "#missing"},
				"down": {"uv": [0, 0, 5, 0], "texture": "#missing"}
			}
		},
		{
			"from": [-1.5, 7.25, 14.75],
			"to": [2.5, 11.25, 14.75],
			"rotation": {"angle": 22.5, "axis": "y", "origin": [0.5, 9.25, 14.75]},
			"faces": {
				"north": {"uv": [15.999, 0, 0, 15.999], "texture": "#1"},
				"east": {"uv": [0, 0, 0, 5], "texture": "#missing"},
				"south": {"uv": [0, 0, 15.999, 15.999], "texture": "#1"},
				"west": {"uv": [0, 0, 0, 5], "texture": "#missing"},
				"up": {"uv": [5, 0, 0, 0], "texture": "#missing"},
				"down": {"uv": [5, 0, 0, 0], "texture": "#missing"}
			}
		},
		{
			"name": "BACKGROUND",
			"from": [-1.25, -0.75, 15.75],
			"to": [15.75, 16.25, 15.75],
			"faces": {
				"north": {"uv": [0, 0, 16, 16], "texture": "#6"},
				"east": {"uv": [0, 0, 0, 16], "texture": "#missing"},
				"south": {"uv": [0, 0, 16, 16], "texture": "#6"},
				"west": {"uv": [0, 0, 0, 16], "texture": "#missing"},
				"up": {"uv": [0, 0, 16, 0], "texture": "#missing"},
				"down": {"uv": [0, 0, 16, 0], "texture": "#missing"}
			}
		},
		{
			"from": [3.25, 4.25, 13],
			"to": [6.25, 7.25, 13],
			"rotation": {"angle": 22.5, "axis": "y", "origin": [4.75, 5.75, 13]},
			"faces": {
				"north": {"uv": [0, 0, 15.999, 15.999], "texture": "#3"},
				"east": {"uv": [0, 0, 0, 5], "texture": "#missing"},
				"south": {"uv": [15.999, 0, 0, 15.999], "texture": "#3"},
				"west": {"uv": [0, 0, 0, 5], "texture": "#missing"},
				"up": {"uv": [0, 0, 5, 0], "texture": "#missing"},
				"down": {"uv": [0, 0, 5, 0], "texture": "#missing"}
			}
		},
		{
			"from": [4.75, 10.5, 12.5],
			"to": [8.75, 14.5, 12.5],
			"rotation": {"angle": 22.5, "axis": "x", "origin": [7.25, 12, 12.5]},
			"faces": {
				"north": {"uv": [0, 0, 15.999, 15.999], "texture": "#2"},
				"east": {"uv": [0, 0, 0, 5], "texture": "#missing"},
				"south": {"uv": [15.999, 0, 0, 15.999], "texture": "#2"},
				"west": {"uv": [0, 0, 0, 5], "texture": "#missing"},
				"up": {"uv": [0, 0, 5, 0], "texture": "#missing"},
				"down": {"uv": [0, 0, 5, 0], "texture": "#missing"}
			}
		},
		{
			"from": [7, 7.25, 14],
			"to": [10.5, 10.75, 14],
			"faces": {
				"north": {"uv": [0, 0, 15.999, 15.999], "texture": "#5"},
				"east": {"uv": [0, 0, 0, 5], "texture": "#missing"},
				"south": {"uv": [0, 0, 15.999, 15.999], "texture": "#5"},
				"west": {"uv": [0, 0, 0, 5], "texture": "#missing"},
				"up": {"uv": [0, 0, 5, 0], "texture": "#missing"},
				"down": {"uv": [0, 0, 5, 0], "texture": "#missing"}
			}
		},
		{
			"from": [7.5, 10.75, 14.5],
			"to": [11.5, 14.75, 14.5],
			"rotation": {"angle": 22.5, "axis": "y", "origin": [9.5, 12.75, 14.5]},
			"faces": {
				"north": {"uv": [0, 0, 15.999, 15.999], "texture": "#5"},
				"east": {"uv": [0, 0, 0, 5], "texture": "#missing"},
				"south": {"uv": [0, 0, 15.999, 15.999], "texture": "#5"},
				"west": {"uv": [0, 0, 0, 5], "texture": "#missing"},
				"up": {"uv": [0, 0, 5, 0], "texture": "#missing"},
				"down": {"uv": [0, 0, 5, 0], "texture": "#missing"}
			}
		},
		{
			"from": [8.25, 7.5, 14],
			"to": [11.25, 10.75, 14],
			"rotation": {"angle": 22.5, "axis": "x", "origin": [8.75, 11, 14]},
			"faces": {
				"north": {"uv": [0, 0, 15.999, 15.999], "texture": "#4"},
				"east": {"uv": [0, 0, 0, 5], "texture": "#missing"},
				"south": {"uv": [15.999, 0, 0, 15.999], "texture": "#4"},
				"west": {"uv": [0, 0, 0, 5], "texture": "#missing"},
				"up": {"uv": [0, 0, 5, 0], "texture": "#missing"},
				"down": {"uv": [0, 0, 5, 0], "texture": "#missing"}
			}
		},
		{
			"from": [6.25, 4, 14.25],
			"to": [10.25, 8, 14.25],
			"rotation": {"angle": 22.5, "axis": "x", "origin": [7.75, 5.5, 14.25]},
			"faces": {
				"north": {"uv": [0, 0, 15.999, 15.999], "texture": "#2"},
				"east": {"uv": [0, 0, 0, 5], "texture": "#missing"},
				"south": {"uv": [15.999, 0, 0, 15.999], "texture": "#2"},
				"west": {"uv": [0, 0, 0, 5], "texture": "#missing"},
				"up": {"uv": [0, 0, 5, 0], "texture": "#missing"},
				"down": {"uv": [0, 0, 5, 0], "texture": "#missing"}
			}
		},
		{
			"from": [4.25, 12.5, 14],
			"to": [7.75, 16, 14],
			"rotation": {"angle": 22.5, "axis": "x", "origin": [5.25, 15, 14]},
			"faces": {
				"north": {"uv": [0, 0, 15.999, 15.999], "texture": "#1"},
				"east": {"uv": [0, 0, 0, 5], "texture": "#missing"},
				"south": {"uv": [15.999, 0, 0, 15.999], "texture": "#1"},
				"west": {"uv": [0, 0, 0, 5], "texture": "#missing"},
				"up": {"uv": [0, 0, 5, 0], "texture": "#missing"},
				"down": {"uv": [0, 0, 5, 0], "texture": "#missing"}
			}
		}
	]
}