{
	"textures": {
		"0": "block/cmodels/leave_vine1",
		"1": "block/cmodels/leave_vine2",
		"2": "block/cmodels/leave_vine3",
		"3": "block/cmodels/leave_vine4",
		"4": "block/cmodels/leave_vine5",
		"5": "block/cmodels/leave_vine6",
		"6": "block/cmodels/background_vine",
		"particle": "block/cmodels/leave_vine1"
	},
	"elements": [
		{
			"from": [8.5, 5.5, 12.5],
			"to": [12.5, 9.5, 12.5],
			"rotation": {"angle": 22.5, "axis": "x", "origin": [11, 7, 12.5]},
			"faces": {
				"north": {"uv": [0, 0, 15.999, 15.999], "texture": "#2"},
				"east": {"uv": [0, 0, 0, 5], "texture": "#missing"},
				"south": {"uv": [15.999, 0, 0, 15.999], "texture": "#2"},
				"west": {"uv": [0, 0, 0, 5], "texture": "#missing"},
				"up": {"uv": [0, 0, 5, 0], "texture": "#missing"},
				"down": {"uv": [0, 0, 5, 0], "texture": "#missing"}
			}
		},
		{
			"from": [0, 12, 14],
			"to": [4, 16, 14],
			"rotation": {"angle": 22.5, "axis": "x", "origin": [1.5, 13.5, 14]},
			"faces": {
				"north": {"uv": [15.999, 0, 0, 15.999], "texture": "#1"},
				"east": {"uv": [0, 0, 0, 5], "texture": "#missing"},
				"south": {"uv": [0, 0, 15.999, 15.999], "texture": "#1"},
				"west": {"uv": [0, 0, 0, 5], "texture": "#missing"},
				"up": {"uv": [5, 0, 0, 0], "texture": "#missing"},
				"down": {"uv": [5, 0, 0, 0], "texture": "#missing"}
			}
		},
		{
			"from": [3.75, -2.25, 15.25],
			"to": [7.75, 1.75, 15.25],
			"faces": {
				"north": {"uv": [0, 0, 15.999, 15.999], "texture": "#0"},
				"east": {"uv": [0, 0, 0, 5], "texture": "#missing"},
				"south": {"uv": [15.999, 0, 0, 15.999], "texture": "#0"},
				"west": {"uv": [0, 0, 0, 5], "texture": "#missing"},
				"up": {"uv": [0, 0, 5, 0], "texture": "#missing"},
				"down": {"uv": [0, 0, 5, 0], "texture": "#missing"}
			}
		},
		{
			"from": [2.5, 11.25, 15.25],
			"to": [5.5, 14.25, 15.25],
			"faces": {
				"north": {"uv": [0, 0, 15.999, 15.999], "texture": "#3"},
				"east": {"uv": [0, 0, 0, 5], "texture": "#missing"},
				"south": {"uv": [15.999, 0, 0, 15.999], "texture": "#3"},
				"west": {"uv": [0, 0, 0, 5], "texture": "#missing"},
				"up": {"uv": [0, 0, 5, 0], "texture": "#missing"},
				"down": {"uv": [0, 0, 5, 0], "texture": "#missing"}
			}
		},
		{
			"from": [4, 6.25, 14],
			"to": [7.5, 10.25, 14],
			"rotation": {"angle": 22.5, "axis": "x", "origin": [5, 9.75, 14]},
			"faces": {
				"north": {"uv": [0, 0, 15.999, 15.999], "texture": "#4"},
				"east": {"uv": [0, 0, 0, 5], "texture": "#missing"},
				"south": {"uv": [15.999, 0, 0, 15.999], "texture": "#4"},
				"west": {"uv": [0, 0, 0, 5], "texture": "#missing"},
				"up": {"uv": [0, 0, 5, 0], "texture": "#missing"},
				"down": {"uv": [0, 0, 5, 0], "texture": "#missing"}
			}
		},
		{
			"from": [11.5, 7.25, 13.75],
			"to": [15.5, 11.25, 13.75],
			"rotation": {"angle": -22.5, "axis": "y", "origin": [13, 9.75, 13.75]},
			"faces": {
				"north": {"uv": [15.999, 0, 0, 15.999], "texture": "#0"},
				"east": {"uv": [0, 0, 0, 5], "texture": "#missing"},
				"south": {"uv": [0, 0, 15.999, 15.999], "texture": "#0"},
				"west": {"uv": [0, 0, 0, 5], "texture": "#missing"},
				"up": {"uv": [5, 0, 0, 0], "texture": "#missing"},
				"down": {"uv": [5, 0, 0, 0], "texture": "#missing"}
			}
		},
		{
			"from": [7.25, 12, 13.25],
			"to": [11.25, 16, 13.25],
			"rotation": {"angle": 22.5, "axis": "y", "origin": [8.75, 14.5, 13.25]},
			"faces": {
				"north": {"uv": [15.999, 0, 0, 15.999], "texture": "#5"},
				"east": {"uv": [0, 0, 0, 5], "texture": "#missing"},
				"south": {"uv": [15.999, 0, 0, 15.999], "texture": "#5"},
				"west": {"uv": [0, 0, 0, 5], "texture": "#missing"},
				"up": {"uv": [5, 0, 0, 0], "texture": "#missing"},
				"down": {"uv": [5, 0, 0, 0], "texture": "#missing"}
			}
		},
		{
			"from": [8.75, -0.5, 14],
			"to": [12.75, 3.5, 14],
			"rotation": {"angle": 22.5, "axis": "x", "origin": [10.25, 2, 14]},
			"faces": {
				"north": {"uv": [0, 0, 15.999, 15.999], "texture": "#1"},
				"east": {"uv": [0, 0, 0, 5], "texture": "#missing"},
				"south": {"uv": [15.999, 0, 0, 15.999], "texture": "#1"},
				"west": {"uv": [0, 0, 0, 5], "texture": "#missing"},
				"up": {"uv": [0, 0, 5, 0], "texture": "#missing"},
				"down": {"uv": [0, 0, 5, 0], "texture": "#missing"}
			}
		},
		{
			"from": [12.75, -3.5, 12.75],
			"to": [16.75, 0.5, 12.75],
			"rotation": {"angle": -22.5, "axis": "y", "origin": [14.25, -1, 10.75]},
			"faces": {
				"north": {"uv": [0, 0, 15.999, 15.999], "texture": "#3"},
				"east": {"uv": [0, 0, 0, 5], "texture": "#missing"},
				"south": {"uv": [15.999, 0, 0, 15.999], "texture": "#3"},
				"west": {"uv": [0, 0, 0, 5], "texture": "#missing"},
				"up": {"uv": [0, 0, 5, 0], "texture": "#missing"},
				"down": {"uv": [0, 0, 5, 0], "texture": "#missing"}
			}
		},
		{
			"from": [-2.25, 9.75, 14],
			"to": [0.75, 12.75, 14],
			"faces": {
				"north": {"uv": [0, 0, 15.999, 15.999], "texture": "#3"},
				"east": {"uv": [0, 0, 0, 5], "texture": "#missing"},
				"south": {"uv": [15.999, 0, 0, 15.999], "texture": "#3"},
				"west": {"uv": [0, 0, 0, 5], "texture": "#missing"},
				"up": {"uv": [0, 0, 5, 0], "texture": "#missing"},
				"down": {"uv": [0, 0, 5, 0], "texture": "#missing"}
			}
		},
		{
			"from": [1, 3, 13.5],
			"to": [4.5, 6.5, 13.5],
			"rotation": {"angle": 22.5, "axis": "x", "origin": [2, 4.5, 13.5]},
			"faces": {
				"north": {"uv": [15.999, 0, 0, 15.999], "texture": "#1"},
				"east": {"uv": [0, 0, 0, 5], "texture": "#missing"},
				"south": {"uv": [0, 0, 15.999, 15.999], "texture": "#1"},
				"west": {"uv": [0, 0, 0, 5], "texture": "#missing"},
				"up": {"uv": [5, 0, 0, 0], "texture": "#missing"},
				"down": {"uv": [5, 0, 0, 0], "texture": "#missing"}
			}
		},
		{
			"from": [0.25, -0.25, 14.5],
			"to": [3.5, 3, 14.5],
			"rotation": {"angle": 22.5, "axis": "y", "origin": [1, 2.25, 14.5]},
			"faces": {
				"north": {"uv": [15.999, 0, 0, 15.999], "texture": "#0"},
				"east": {"uv": [0, 0, 0, 5], "texture": "#missing"},
				"south": {"uv": [0, 0, 15.999, 15.999], "texture": "#0"},
				"west": {"uv": [0, 0, 0, 5], "texture": "#missing"},
				"up": {"uv": [5, 0, 0, 0], "texture": "#missing"},
				"down": {"uv": [5, 0, 0, 0], "texture": "#missing"}
			}
		},
		{
			"from": [10, 10.25, 14.5],
			"to": [13, 13.25, 14.5],
			"faces": {
				"north": {"uv": [0, 0, 15.999, 15.999], "texture": "#5"},
				"east": {"uv": [0, 0, 0, 5], "texture": "#missing"},
				"south": {"uv": [0, 0, 15.999, 15.999], "texture": "#5"},
				"west": {"uv": [0, 0, 0, 5], "texture": "#missing"},
				"up": {"uv": [0, 0, 5, 0], "texture": "#missing"},
				"down": {"uv": [0, 0, 5, 0], "texture": "#missing"}
			}
		},
		{
			"from": [-1.25, -0.75, 15.75],
			"to": [15.75, 16.25, 15.75],
			"faces": {
				"north": {"uv": [0, 0, 16, 16], "texture": "#6"},
				"east": {"uv": [0, 0, 0, 16], "texture": "#missing"},
				"south": {"uv": [0, 0, 16, 16], "texture": "#6"},
				"west": {"uv": [0, 0, 0, 16], "texture": "#missing"},
				"up": {"uv": [0, 0, 16, 0], "texture": "#missing"},
				"down": {"uv": [0, 0, 16, 0], "texture": "#missing"}
			}
		},
		{
			"from": [0, 1.75, 14],
			"to": [3.5, 5.25, 14],
			"faces": {
				"north": {"uv": [0, 0, 15.999, 15.999], "texture": "#5"},
				"east": {"uv": [0, 0, 0, 5], "texture": "#missing"},
				"south": {"uv": [0, 0, 15.999, 15.999], "texture": "#5"},
				"west": {"uv": [0, 0, 0, 5], "texture": "#missing"},
				"up": {"uv": [0, 0, 5, 0], "texture": "#missing"},
				"down": {"uv": [0, 0, 5, 0], "texture": "#missing"}
			}
		}
	]
}