{
	"credit": "Made with Blockbench",
	"ambientocclusion": false,
	"textures": {
		"1": "block/oak_planks",
		"3": "block/cmodels/metal1",
		"particle":	"block/oak_planks"
	},
	"elements": [
		{
			"from": [0, 0, 0],
			"to": [1, 16, 11],
			"faces": {
				"north": {"uv": [1.735, 1.937, 3.11, 15.031], "texture": "#1"},
				"east": {"uv": [1.672, 0, 15.844, 15.999], "texture": "#1"},
				"south": {"uv": [0.672, 2.157, 1.516, 15.375], "texture": "#1"},
				"west": {"uv": [4.313, 1.516, 15.75, 14.953], "texture": "#1"},
				"up": {"uv": [0, 0, 16, 0.953], "rotation": 270, "texture": "#1"},
				"down": {"uv": [0, 0, 15.999, 1.157], "rotation": 90, "texture": "#1"}
			}
		},
		{
			"from": [0, 0, 14],
			"to": [1, 16, 16],
			"faces": {
				"north": {"uv": [0, 0.235, 1.875, 14.936], "texture": "#1"},
				"east": {"uv": [13, 1.094, 15.812, 15.609], "texture": "#1"},
				"south": {"uv": [0.125, 0, 1.61, 15.312], "texture": "#1"},
				"west": {"uv": [0, 0, 2.797, 15.328], "texture": "#1"},
				"up": {"uv": [0, 0, 3.235, 1.344], "rotation": 270, "texture": "#1"},
				"down": {"uv": [0, 0, 3.594, 1.593], "rotation": 90, "texture": "#1"}
			}
		},
		{
			"from": [0, 14, 11],
			"to": [1, 16, 14],
			"faces": {
				"north": {"uv": [0, 0, 0.01563, 0.04688], "texture": "#missing"},
				"east": {"uv": [1, 0.782, 4.031, 3.687], "texture": "#1"},
				"south": {"uv": [0, 0, 0.01563, 0.04688], "texture": "#missing"},
				"west": {"uv": [9.672, 0, 14.25, 3.985], "texture": "#1"},
				"up": {"uv": [0, 0.938, 5.188, 2.578], "rotation": 270, "texture": "#1"},
				"down": {"uv": [0, 0, 3.953, 1.516], "rotation": 90, "texture": "#1"}
			}
		},
		{
			"from": [1, 6, 1.25],
			"to": [1.5, 7, 1.75],
			"rotation": {"angle": 0, "axis": "y", "origin": [8, 8, -5]},
			"faces": {
				"north": {"uv": [0, 0, 0.00781, 0.01563], "texture": "#3"},
				"east": {"uv": [0, 0, 0.00781, 0.01563], "texture": "#missing"},
				"south": {"uv": [0, 0, 0.00781, 0.01563], "texture": "#3"},
				"west": {"uv": [0, 0, 0.00781, 0.01563], "texture": "#missing"},
				"up": {"uv": [0, 0, 0.00781, 0.00781], "rotation": 270, "texture": "#3"},
				"down": {"uv": [0, 0, 0.00781, 0.00781], "rotation": 90, "texture": "#3"}
			}
		},
		{
			"from": [-1, 0, 1],
			"to": [-0.5, 9, 2],
			"rotation": {"angle": 0, "axis": "y", "origin": [8, 8, -5]},
			"faces": {
				"north": {"uv": [3.625, 0.063, 4.789, 16], "texture": "#3"},
				"east": {"uv": [1.375, 0, 3.124, 15.998], "texture": "#3"},
				"south": {"uv": [8.14, 0, 9.193, 15.999], "texture": "#3"},
				"west": {"uv": [0, 0, 1.953, 15.999], "texture": "#3"},
				"up": {"uv": [0, 0, 0.01563, 0.00781], "rotation": 90, "texture": "#3"},
				"down": {"uv": [10.891, 3.672, 12.891, 4.633], "rotation": 270, "texture": "#3"}
			}
		},
		{
			"from": [-0.5, 6, 1.25],
			"to": [0, 7, 1.75],
			"rotation": {"angle": 0, "axis": "y", "origin": [8, 8, -5]},
			"faces": {
				"north": {"uv": [0, 0, 0.00781, 0.01563], "texture": "#3"},
				"east": {"uv": [0, 0, 0.00781, 0.01563], "texture": "#missing"},
				"south": {"uv": [0, 0, 0.00781, 0.01563], "texture": "#3"},
				"west": {"uv": [0, 0, 0.00781, 0.01563], "texture": "#3"},
				"up": {"uv": [0, 0, 0.00781, 0.00781], "rotation": 90, "texture": "#3"},
				"down": {"uv": [0, 0, 0.00781, 0.00781], "rotation": 270, "texture": "#3"}
			}
		},
		{
			"from": [1.5, 0, 1],
			"to": [2, 9, 2],
			"rotation": {"angle": 0, "axis": "y", "origin": [8, 8, -5]},
			"faces": {
				"north": {"uv": [8.14, 0, 9.193, 15.999], "texture": "#3"},
				"east": {"uv": [0, 0, 1.953, 15.999], "texture": "#3"},
				"south": {"uv": [3.625, 0.063, 4.789, 16], "texture": "#3"},
				"west": {"uv": [1.375, 0, 3.124, 15.998], "texture": "#3"},
				"up": {"uv": [0, 0, 0.01563, 0.00781], "rotation": 270, "texture": "#3"},
				"down": {"uv": [10.891, 3.672, 12.891, 4.633], "rotation": 90, "texture": "#3"}
			}
		}
	],
	"groups": [
		{
			"name": "group",
			"origin": [8, 8, 8],
			"children": [0, 1, 2, 3, 4, 5, 6]
		}
	]
}